code_point,character,glyph_width
U+0020, ,2
U+0021,!,1
U+0022,"""",2
U+0023,#,6
U+0024,$,5
U+0025,%,6
U+0026,&,7
U+0027,',1
U+0028,(,2
U+0029,),2
U+002A,*,3
U+002B,+,4
U+002C,",",1
U+002D,-,4
U+002E,.,1
U+002F,/,3
U+0030,0,5
U+0031,1,3
U+0032,2,5
U+0033,3,5
U+0034,4,5
U+0035,5,5
U+0036,6,5
U+0037,7,5
U+0038,8,5
U+0039,9,5
U+003A,:,1
U+003B,;,1
U+003C,<,4
U+003D,=,4
U+003E,>,4
U+003F,?,5
U+0040,@,7
U+0041,A,6
U+0042,B,5
U+0043,C,5
U+0044,D,5
U+0045,E,4
U+0046,F,4
U+0047,G,5
U+0048,H,5
U+0049,I,2
U+004A,J,3
U+004B,K,5
U+004C,L,4
U+004D,M,7
U+004E,N,5
U+004F,O,5
U+0050,P,5
U+0051,Q,5
U+0052,R,5
U+0053,S,5
U+0054,T,5
U+0055,U,5
U+0056,V,6
U+0057,W,7
U+0058,X,6
U+0059,Y,6
U+005A,Z,5
U+005B,[,2
U+005C,\,3
U+005D,],2
U+005E,^,4
U+005F,_,3
U+0060,`,2
U+0061,a,5
U+0062,b,4
U+0063,c,4
U+0064,d,4
U+0065,e,4
U+0066,f,4
U+0067,g,4
U+0068,h,4
U+0069,i,1
U+006A,j,2
U+006B,k,4
U+006C,l,1
U+006D,m,7
U+006E,n,4
U+006F,o,4
U+0070,p,4
U+0071,q,4
U+0072,r,3
U+0073,s,4
U+0074,t,3
U+0075,u,5
U+0076,v,5
U+0077,w,7
U+0078,x,5
U+0079,y,5
U+007A,z,4
U+007B,{,3
U+007C,|,1
U+007D,},3
U+007E,~,7
U+00C0,À,6
U+00C2,Â,6
U+00C7,Ç,5
U+00C8,È,4
U+00C9,É,4
U+00CA,Ê,4
U+00CB,Ë,4
U+00CE,Î,3
U+00CF,Ï,3
U+00D4,Ô,5
U+00D9,Ù,5
U+00DB,Û,5
U+00DC,Ü,5
U+00E0,à,5
U+00E7,ç,4
U+00E8,è,4
U+00E9,é,4
U+00EA,ê,4
U+00EB,ë,4
U+00EE,î,3
U+00EF,ï,3
U+00F4,ô,4
U+00F9,ù,5
U+00FB,û,5
U+00FC,ü,5
U+00FF,ÿ,5
U+0178,Ÿ,6
U+00C4,Ä,6
U+00E4,ä,5
U+00D6,Ö,5
U+00F6,ö,4
U+00DF,ß,4
U+1E9E,ẞ,5
U+00E2,â,5
U+00C1,Á,6
U+00E1,á,5
U+00CD,Í,2
U+00ED,í,2
U+00D1,Ñ,5
U+00F1,ñ,4
U+00FA,ú,5
U+00D3,Ó,5
U+00F3,ó,4
U+00DA,Ú,5
U+002E,.,1
U+002C,",",1
U+003A,:,1
U+003B,;,1
U+2026,…,4
U+0021,!,1
U+003F,?,5
U+00B7,·,1
U+2022,•,3
U+002A,*,3
U+0023,#,6
U+002F,/,3
U+005C,\,3
U+002D,-,4
U+2013,–,6
U+2014,—,6
U+005F,_,3
U+0028,(,2
U+0029,),2
U+007B,{,3
U+007D,},3
U+005B,[,2
U+005D,],2
U+201C,“,3
U+201D,”,3
U+2018,‘,1
U+2019,’,1
U+2039,‹,3
U+203A,›,3
U+0022,"""",2
U+0027,',1
U+0040,@,7
U+0026,&,7
U+007C,|,1
U+002B,+,4
U+003D,=,4
U+003E,>,4
U+003C,<,4
U+007E,~,7
U+005E,^,4
U+0025,%,6
U+2044,⁄,4
U+00BD,½,6
U+00BC,¼,6
U+00BE,¾,7
U+215B,⅛,6
U+215C,⅜,7
U+215D,⅝,7
U+215E,⅞,6
U+2080,₀,3
U+2081,₁,2
U+2082,₂,3
U+2083,₃,3
U+2084,₄,3
U+2085,₅,3
U+2086,₆,3
U+2087,₇,3
U+2088,₈,3
U+2089,₉,3
U+2070,⁰,3
U+2071,ⁱ,6
U+2072,⁲,6
U+2073,⁳,6
U+2074,⁴,3
U+2075,⁵,3
U+2076,⁶,3
U+2077,⁷,3
U+2078,⁸,3
U+2079,⁹,3
U+00BF,¿,5
U+201A,‚,1
U+201E,„,3
U+00AB,«,5
U+00BB,»,5
U+0E3F,฿,5
U+00B6,¶,7
U+00A7,§,5
U+00A9,©,8
U+00AE,®,5
U+2122,™,6
U+00B0,°,2
U+00A6,¦,1
U+2020,†,5
U+2021,‡,5
U+20AC,€,7
U+20BF,₿,5
U+00A2,¢,5
U+0024,$,5
U+00A3,£,6
U+00A5,¥,5
U+2212,−,4
U+00D7,×,4
U+00F7,÷,4
U+2260,≠,4
U+2265,≥,4
U+2264,≤,4
U+00B1,±,4
U+2248,≈,5
U+00AC,¬,5
U+221E,∞,8
U+222B,∫,5
U+220F,∏,5
U+2211,∑,5
U+221A,√,5
U+2202,∂,5
U+2030,‰,7
U+2191,↑,6
U+2197,↗,6
U+2192,→,7
U+2198,↘,6
U+2193,↓,6
U+2199,↙,6
U+2190,←,7
U+2196,↖,6
U+2194,↔,8
U+2195,↕,6
U+25CC,◌,9
U+25CA,◊,5
U+00A8,¨,3
U+02D9,˙,1
U+0060,`,2
U+00B4,´,2
U+02DD,˝,4
U+02C6,ˆ,3
U+02C7,ˇ,3
U+02D8,˘,4
U+02DA,˚,2
U+02DC,˜,3
U+00AF,¯,3
U+00B8,¸,2
U+02DB,˛,2
U+0132,Ĳ,4
U+0133,ĳ,2
U+0160,Š,5
U+0161,š,4
U+017D,Ž,5
U+017E,ž,4
U+00C3,Ã,6
U+00C5,Å,6
U+00C6,Æ,8
U+00CC,Ì,2
U+00D0,Ð,5
U+00D2,Ò,5
U+00D5,Õ,5
U+00D8,Ø,6
U+00DD,Ý,6
U+00DE,Þ,5
U+00E3,ã,5
U+00E5,å,5
U+00E6,æ,8
U+00EC,ì,2
U+00F0,ð,5
U+00F2,ò,4
U+00F5,õ,4
U+00F8,ø,5
U+00FD,ý,5
U+00FE,þ,4
U+0104,Ą,6
U+0105,ą,5
U+0106,Ć,5
U+0107,ć,4
U+010C,Č,5
U+010D,č,4
U+010E,Ď,5
U+010F,ď,6
U+0118,Ę,4
U+0119,ę,4
U+011A,Ě,4
U+011B,ě,4
U+011E,Ğ,5
U+011F,ğ,4
U+0141,Ł,5
U+0142,ł,3
U+0143,Ń,5
U+0144,ń,4
U+0147,Ň,5
U+0148,ň,4
U+0158,Ř,5
U+0159,ř,3
U+015A,Ś,5
U+015B,ś,4
U+015E,Ş,5
U+015F,ş,4
U+0164,Ť,5
U+0165,ť,3
U+016E,Ů,5
U+016F,ů,5
U+0179,Ź,5
U+017A,ź,4
U+017B,Ż,5
U+017C,ż,4
U+2610,☐,11
U+2713,✓,11
U+0102,Ă,6
U+0103,ă,5
U+0131,ı,1
U+0218,Ș,5
U+0219,ș,4
U+021A,Ț,5
U+021B,ț,3
U+0410,А,7
U+0411,Б,6
U+0412,В,6
U+0413,Г,4
U+0403,Ѓ,4
U+0490,Ґ,5
U+0414,Д,7
U+0415,Е,5
U+0401,Ё,5
U+0416,Ж,8
U+0417,З,6
U+0418,И,6
U+0419,Й,6
U+041A,К,5
U+040C,Ќ,5
U+041B,Л,6
U+041C,М,8
U+041D,Н,6
U+041E,О,6
U+041F,П,5
U+0420,Р,5
U+0421,С,6
U+0422,Т,6
U+0423,У,6
U+040E,Ў,6
U+0424,Ф,8
U+0425,Х,6
U+0427,Ч,6
U+0426,Ц,6
U+0428,Ш,8
U+0429,Щ,9
U+040F,Џ,6
U+042C,Ь,6
U+042B,Ы,7
U+042A,Ъ,8
U+0409,Љ,12
U+040A,Њ,10
U+0405,Ѕ,5
U+0404,Є,6
U+042D,Э,6
U+0406,І,2
U+0407,Ї,3
U+0408,Ј,4
U+040B,Ћ,7
U+042E,Ю,8
U+042F,Я,6
U+0402,Ђ,8
U+0430,а,5
U+0431,б,5
U+0432,в,5
U+0433,г,4
U+0453,ѓ,4
U+0491,ґ,4
U+0434,д,6
U+0435,е,5
U+0451,ё,5
U+0436,ж,6
U+0437,з,5
U+0438,и,5
U+0439,й,5
U+043A,к,4
U+045C,ќ,4
U+043B,л,5
U+043C,м,6
U+043D,н,5
U+043E,о,5
U+043F,п,4
U+0440,р,5
U+0441,с,5
U+0442,т,5
U+0443,у,6
U+045E,ў,6
U+0444,ф,6
U+0445,х,5
U+0447,ч,5
U+0446,ц,5
U+0448,ш,6
U+0449,щ,6
U+045F,џ,4
U+044C,ь,5
U+044B,ы,6
U+044A,ъ,6
U+0459,љ,9
U+045A,њ,8
U+0455,ѕ,5
U+0454,є,5
U+044D,э,5
U+0456,і,1
U+0457,ї,2
U+0458,ј,2
U+045B,ћ,5
U+044E,ю,6
U+044F,я,5
U+0452,ђ,5
U+01D6,ǖ,5
U+01D8,ǘ,5
U+01DA,ǚ,5
U+01DC,ǜ,5
U+01CE,ǎ,5
U+01D0,ǐ,3
U+01D2,ǒ,4
U+01D4,ǔ,5
U+0150,Ő,5
U+0151,ő,4
U+0170,Ű,5
U+0171,ű,5
